Changes made at Sat Aug  9 05:58:18 UTC 2025
Changes made at Sat Aug  9 06:00:13 UTC 2025
Changes made at Sat Aug  9 06:01:25 UTC 2025
Changes made at Sat Aug  9 06:10:34 UTC 2025
Changes made at Sat Aug  9 08:14:07 UTC 2025
Changes made at Sat Aug  9 08:15:15 UTC 2025
Changes made at Sat Aug  9 09:40:55 UTC 2025
Changes made at Sat Aug  9 09:42:52 UTC 2025
Changes made at Sat Aug  9 10:42:30 UTC 2025
Changes made at Sat Aug  9 14:39:57 UTC 2025
Changes made at Sat Aug  9 16:49:08 UTC 2025
Changes made at Sun Aug 10 08:48:10 UTC 2025
Changes made at Sun Aug 10 10:43:30 UTC 2025
Changes made at Sun Aug 10 14:39:21 UTC 2025
Changes made at Sun Aug 10 16:49:30 UTC 2025
Changes made at Mon Aug 11 08:57:08 UTC 2025
Changes made at Mon Aug 11 10:50:40 UTC 2025
Changes made at Mon Aug 11 14:50:20 UTC 2025
Changes made at Mon Aug 11 16:55:42 UTC 2025
Changes made at Tue Aug 12 08:54:06 UTC 2025
Changes made at Tue Aug 12 10:47:39 UTC 2025
Changes made at Tue Aug 12 14:46:08 UTC 2025
Changes made at Tue Aug 12 16:53:48 UTC 2025
Changes made at Wed Aug 13 08:55:55 UTC 2025
Changes made at Wed Aug 13 10:47:28 UTC 2025
Changes made at Wed Aug 13 14:47:36 UTC 2025
Changes made at Wed Aug 13 16:44:10 UTC 2025
Changes made at Thu Aug 14 08:55:31 UTC 2025
Changes made at Thu Aug 14 10:48:52 UTC 2025
Changes made at Thu Aug 14 14:45:04 UTC 2025
Changes made at Thu Aug 14 16:51:19 UTC 2025
Changes made at Fri Aug 15 08:51:39 UTC 2025
Changes made at Fri Aug 15 10:44:29 UTC 2025
Changes made at Fri Aug 15 14:42:26 UTC 2025
Changes made at Fri Aug 15 16:50:28 UTC 2025
Changes made at Sat Aug 16 08:46:47 UTC 2025
Changes made at Sat Aug 16 10:38:57 UTC 2025
Changes made at Sat Aug 16 14:36:14 UTC 2025
Changes made at Sat Aug 16 16:43:45 UTC 2025
Changes made at Sun Aug 17 08:46:47 UTC 2025
Changes made at Sun Aug 17 10:40:41 UTC 2025
Changes made at Sun Aug 17 14:38:13 UTC 2025
Changes made at Sun Aug 17 16:46:58 UTC 2025
Changes made at Mon Aug 18 08:55:44 UTC 2025
Changes made at Mon Aug 18 10:49:52 UTC 2025
Changes made at Mon Aug 18 14:48:54 UTC 2025
Changes made at Mon Aug 18 16:55:05 UTC 2025
Changes made at Tue Aug 19 08:50:44 UTC 2025
Changes made at Tue Aug 19 10:43:17 UTC 2025
Changes made at Tue Aug 19 14:42:49 UTC 2025
Changes made at Tue Aug 19 16:48:58 UTC 2025
Changes made at Wed Aug 20 08:46:01 UTC 2025
Changes made at Wed Aug 20 10:43:19 UTC 2025
Changes made at Wed Aug 20 14:42:39 UTC 2025
Changes made at Wed Aug 20 16:47:43 UTC 2025
Changes made at Thu Aug 21 08:49:01 UTC 2025
Changes made at Thu Aug 21 10:42:47 UTC 2025
Changes made at Thu Aug 21 14:43:32 UTC 2025
Changes made at Fri Aug 22 08:47:32 UTC 2025
Changes made at Fri Aug 22 10:42:01 UTC 2025
Changes made at Fri Aug 22 14:39:14 UTC 2025
Changes made at Fri Aug 22 16:46:51 UTC 2025
Changes made at Sat Aug 23 08:42:55 UTC 2025
Changes made at Sat Aug 23 10:37:40 UTC 2025
Changes made at Sat Aug 23 14:34:55 UTC 2025
Changes made at Sat Aug 23 16:41:29 UTC 2025
Changes made at Sun Aug 24 08:39:59 UTC 2025
Changes made at Sun Aug 24 10:38:17 UTC 2025
Changes made at Sun Aug 24 14:35:16 UTC 2025
Changes made at Sun Aug 24 16:43:03 UTC 2025
Changes made at Mon Aug 25 08:53:59 UTC 2025
Changes made at Mon Aug 25 10:43:36 UTC 2025
Changes made at Mon Aug 25 14:42:41 UTC 2025
Changes made at Mon Aug 25 16:49:22 UTC 2025
Changes made at Tue Aug 26 08:51:45 UTC 2025
Changes made at Tue Aug 26 10:43:15 UTC 2025
Changes made at Tue Aug 26 14:39:42 UTC 2025
Changes made at Tue Aug 26 16:45:44 UTC 2025
Changes made at Wed Aug 27 08:46:39 UTC 2025
Changes made at Wed Aug 27 10:38:56 UTC 2025
Changes made at Wed Aug 27 14:39:21 UTC 2025
Changes made at Wed Aug 27 16:46:42 UTC 2025
Changes made at Thu Aug 28 08:46:56 UTC 2025
Changes made at Thu Aug 28 10:40:25 UTC 2025
Changes made at Thu Aug 28 14:40:46 UTC 2025
Changes made at Thu Aug 28 16:45:46 UTC 2025
Changes made at Fri Aug 29 08:44:47 UTC 2025
Changes made at Fri Aug 29 10:39:16 UTC 2025
Changes made at Fri Aug 29 14:38:08 UTC 2025
Changes made at Fri Aug 29 16:44:52 UTC 2025
Changes made at Sat Aug 30 08:38:32 UTC 2025
Changes made at Sat Aug 30 10:34:02 UTC 2025
Changes made at Sat Aug 30 14:30:26 UTC 2025
Changes made at Sat Aug 30 16:38:49 UTC 2025
Changes made at Sun Aug 31 08:37:29 UTC 2025
Changes made at Sun Aug 31 10:33:58 UTC 2025
Changes made at Sun Aug 31 14:31:45 UTC 2025
Changes made at Sun Aug 31 16:39:36 UTC 2025
Changes made at Mon Sep  1 08:50:46 UTC 2025
Changes made at Mon Sep  1 10:43:09 UTC 2025
Changes made at Mon Sep  1 14:38:05 UTC 2025
Changes made at Mon Sep  1 16:42:25 UTC 2025
Changes made at Tue Sep  2 08:48:40 UTC 2025
Changes made at Tue Sep  2 10:40:42 UTC 2025
Changes made at Tue Sep  2 14:42:15 UTC 2025
Changes made at Tue Sep  2 16:47:16 UTC 2025
Changes made at Wed Sep  3 08:42:52 UTC 2025
Changes made at Wed Sep  3 10:37:21 UTC 2025
Changes made at Wed Sep  3 14:38:25 UTC 2025
Changes made at Wed Sep  3 16:43:31 UTC 2025
Changes made at Thu Sep  4 08:43:00 UTC 2025
Changes made at Thu Sep  4 10:37:37 UTC 2025
Changes made at Thu Sep  4 14:38:15 UTC 2025
Changes made at Thu Sep  4 16:44:30 UTC 2025
Changes made at Fri Sep  5 08:42:58 UTC 2025
Changes made at Fri Sep  5 10:38:32 UTC 2025
Changes made at Fri Sep  5 14:35:41 UTC 2025
Changes made at Fri Sep  5 16:39:32 UTC 2025
Changes made at Sat Sep  6 08:34:13 UTC 2025
Changes made at Sat Sep  6 10:31:54 UTC 2025
Changes made at Sat Sep  6 14:28:56 UTC 2025
Changes made at Sat Sep  6 16:36:39 UTC 2025
Changes made at Sun Sep  7 08:34:40 UTC 2025
Changes made at Sun Sep  7 10:32:02 UTC 2025
Changes made at Sun Sep  7 14:29:00 UTC 2025
Changes made at Sun Sep  7 16:36:48 UTC 2025
Changes made at Mon Sep  8 08:49:26 UTC 2025
Changes made at Mon Sep  8 10:40:37 UTC 2025
Changes made at Mon Sep  8 14:41:35 UTC 2025
Changes made at Mon Sep  8 16:19:32 UTC 2025
Changes made at Tue Sep  9 08:23:06 UTC 2025
Changes made at Tue Sep  9 10:18:10 UTC 2025
Changes made at Tue Sep  9 14:15:00 UTC 2025
Changes made at Tue Sep  9 16:21:12 UTC 2025
Changes made at Wed Sep 10 08:22:38 UTC 2025
Changes made at Wed Sep 10 10:17:14 UTC 2025
Changes made at Wed Sep 10 14:15:49 UTC 2025
Changes made at Wed Sep 10 16:20:31 UTC 2025
Changes made at Thu Sep 11 08:22:11 UTC 2025
Changes made at Thu Sep 11 10:16:46 UTC 2025
Changes made at Thu Sep 11 14:16:36 UTC 2025
Changes made at Thu Sep 11 16:20:39 UTC 2025
Changes made at Fri Sep 12 08:21:18 UTC 2025
Changes made at Fri Sep 12 10:17:30 UTC 2025
Changes made at Fri Sep 12 14:15:46 UTC 2025
Changes made at Fri Sep 12 16:17:17 UTC 2025
Changes made at Sat Sep 13 08:19:05 UTC 2025
Changes made at Sat Sep 13 10:15:10 UTC 2025
Changes made at Sat Sep 13 14:12:24 UTC 2025
Changes made at Sat Sep 13 16:17:05 UTC 2025
Changes made at Sun Sep 14 08:19:15 UTC 2025
Changes made at Sun Sep 14 10:14:16 UTC 2025
Changes made at Sun Sep 14 14:13:01 UTC 2025
Changes made at Sun Sep 14 16:16:58 UTC 2025
Changes made at Mon Sep 15 08:22:49 UTC 2025
Changes made at Mon Sep 15 10:18:04 UTC 2025
Changes made at Mon Sep 15 14:17:13 UTC 2025
Changes made at Mon Sep 15 16:20:46 UTC 2025
Changes made at Tue Sep 16 08:23:09 UTC 2025
Changes made at Tue Sep 16 10:17:26 UTC 2025
Changes made at Tue Sep 16 14:17:10 UTC 2025
Changes made at Tue Sep 16 16:21:04 UTC 2025
Changes made at Wed Sep 17 08:22:02 UTC 2025
Changes made at Wed Sep 17 10:16:57 UTC 2025
Changes made at Wed Sep 17 14:16:06 UTC 2025
Changes made at Wed Sep 17 16:21:04 UTC 2025
Changes made at Thu Sep 18 08:21:35 UTC 2025
Changes made at Thu Sep 18 10:17:10 UTC 2025
Changes made at Thu Sep 18 14:17:00 UTC 2025
Changes made at Thu Sep 18 16:20:40 UTC 2025
Changes made at Fri Sep 19 08:21:49 UTC 2025
Changes made at Fri Sep 19 10:17:52 UTC 2025
Changes made at Fri Sep 19 14:15:53 UTC 2025
Changes made at Fri Sep 19 16:20:05 UTC 2025
Changes made at Sat Sep 20 08:19:50 UTC 2025
Changes made at Sat Sep 20 10:15:56 UTC 2025
Changes made at Sat Sep 20 14:13:22 UTC 2025
Changes made at Sat Sep 20 16:18:00 UTC 2025
Changes made at Sun Sep 21 08:18:42 UTC 2025
Changes made at Sun Sep 21 10:15:37 UTC 2025
Changes made at Sun Sep 21 14:13:15 UTC 2025
Changes made at Sun Sep 21 16:18:05 UTC 2025
Changes made at Mon Sep 22 08:23:38 UTC 2025
Changes made at Mon Sep 22 10:19:06 UTC 2025
Changes made at Mon Sep 22 14:17:50 UTC 2025
Changes made at Mon Sep 22 16:21:24 UTC 2025
Changes made at Tue Sep 23 08:22:10 UTC 2025
Changes made at Tue Sep 23 10:17:54 UTC 2025
Changes made at Tue Sep 23 14:17:17 UTC 2025
Changes made at Tue Sep 23 16:20:59 UTC 2025
Changes made at Wed Sep 24 08:22:52 UTC 2025
Changes made at Wed Sep 24 10:17:32 UTC 2025
Changes made at Wed Sep 24 14:14:35 UTC 2025
Changes made at Wed Sep 24 16:21:50 UTC 2025
Changes made at Thu Sep 25 08:22:50 UTC 2025
Changes made at Thu Sep 25 10:18:07 UTC 2025
Changes made at Thu Sep 25 14:17:42 UTC 2025
Changes made at Thu Sep 25 16:20:44 UTC 2025
Changes made at Fri Sep 26 08:23:53 UTC 2025
Changes made at Fri Sep 26 10:17:34 UTC 2025
Changes made at Fri Sep 26 14:15:23 UTC 2025
Changes made at Fri Sep 26 16:20:30 UTC 2025
Changes made at Sat Sep 27 08:19:05 UTC 2025
Changes made at Sat Sep 27 10:15:14 UTC 2025
Changes made at Sat Sep 27 14:13:06 UTC 2025
Changes made at Sat Sep 27 16:17:59 UTC 2025
Changes made at Sun Sep 28 08:19:01 UTC 2025
Changes made at Sun Sep 28 10:15:35 UTC 2025
Changes made at Sun Sep 28 14:12:29 UTC 2025
Changes made at Sun Sep 28 16:17:26 UTC 2025
Changes made at Mon Sep 29 08:24:51 UTC 2025
Changes made at Mon Sep 29 10:18:45 UTC 2025
Changes made at Mon Sep 29 14:17:30 UTC 2025
Changes made at Mon Sep 29 16:17:33 UTC 2025
Changes made at Tue Sep 30 08:23:41 UTC 2025
Changes made at Tue Sep 30 10:18:09 UTC 2025
Changes made at Tue Sep 30 14:17:05 UTC 2025
Changes made at Tue Sep 30 16:21:15 UTC 2025
Changes made at Wed Oct  1 08:23:05 UTC 2025
Changes made at Wed Oct  1 10:18:06 UTC 2025
Changes made at Wed Oct  1 14:17:42 UTC 2025
Changes made at Wed Oct  1 16:20:59 UTC 2025
Changes made at Thu Oct  2 08:21:20 UTC 2025
Changes made at Thu Oct  2 10:16:49 UTC 2025
Changes made at Thu Oct  2 14:16:02 UTC 2025
Changes made at Thu Oct  2 16:20:33 UTC 2025
Changes made at Fri Oct  3 08:21:16 UTC 2025
Changes made at Fri Oct  3 10:17:20 UTC 2025
Changes made at Fri Oct  3 14:15:32 UTC 2025
Changes made at Fri Oct  3 16:19:45 UTC 2025
Changes made at Sat Oct  4 08:19:00 UTC 2025
Changes made at Sat Oct  4 10:15:20 UTC 2025
Changes made at Sat Oct  4 14:12:54 UTC 2025
Changes made at Sat Oct  4 16:18:17 UTC 2025
Changes made at Sun Oct  5 08:18:47 UTC 2025
Changes made at Sun Oct  5 10:15:44 UTC 2025
Changes made at Sun Oct  5 14:13:16 UTC 2025
Changes made at Sun Oct  5 16:17:48 UTC 2025
Changes made at Mon Oct  6 08:23:16 UTC 2025
Changes made at Mon Oct  6 10:18:40 UTC 2025
Changes made at Mon Oct  6 14:17:04 UTC 2025
Changes made at Mon Oct  6 16:20:57 UTC 2025
Changes made at Tue Oct  7 08:22:52 UTC 2025
Changes made at Tue Oct  7 10:17:39 UTC 2025
Changes made at Tue Oct  7 14:17:51 UTC 2025
Changes made at Tue Oct  7 16:20:46 UTC 2025
Changes made at Wed Oct  8 08:23:26 UTC 2025
Changes made at Wed Oct  8 10:17:38 UTC 2025
Changes made at Wed Oct  8 14:17:35 UTC 2025
Changes made at Wed Oct  8 16:21:12 UTC 2025
Changes made at Thu Oct  9 08:22:49 UTC 2025
Changes made at Thu Oct  9 10:18:38 UTC 2025
Changes made at Thu Oct  9 14:17:28 UTC 2025
Changes made at Thu Oct  9 16:22:24 UTC 2025
Changes made at Fri Oct 10 08:22:45 UTC 2025
Changes made at Fri Oct 10 10:18:04 UTC 2025
Changes made at Fri Oct 10 14:16:52 UTC 2025
Changes made at Fri Oct 10 16:20:54 UTC 2025
Changes made at Sat Oct 11 08:19:16 UTC 2025
Changes made at Sat Oct 11 10:15:26 UTC 2025
Changes made at Sat Oct 11 14:13:20 UTC 2025
Changes made at Sat Oct 11 16:17:57 UTC 2025
Changes made at Sun Oct 12 08:19:45 UTC 2025
Changes made at Sun Oct 12 10:15:36 UTC 2025
Changes made at Sun Oct 12 14:13:56 UTC 2025
Changes made at Sun Oct 12 16:18:33 UTC 2025
Changes made at Mon Oct 13 08:25:18 UTC 2025
Changes made at Mon Oct 13 10:20:41 UTC 2025
Changes made at Mon Oct 13 14:17:48 UTC 2025
Changes made at Mon Oct 13 16:20:41 UTC 2025
Changes made at Tue Oct 14 08:20:33 UTC 2025
Changes made at Tue Oct 14 10:18:19 UTC 2025
Changes made at Tue Oct 14 14:18:07 UTC 2025
Changes made at Tue Oct 14 16:21:38 UTC 2025
Changes made at Wed Oct 15 08:23:57 UTC 2025
Changes made at Wed Oct 15 10:18:58 UTC 2025
Changes made at Wed Oct 15 14:18:18 UTC 2025
Changes made at Wed Oct 15 16:18:40 UTC 2025
Changes made at Thu Oct 16 08:24:16 UTC 2025
Changes made at Thu Oct 16 10:19:37 UTC 2025
Changes made at Thu Oct 16 14:17:58 UTC 2025
